date,close
2024-05-02,-0.02168888014557624
2024-05-01,-0.007289362557812096
2024-04-30,-0.014204689319896713
2024-04-29,0.033185215626846176
2024-04-26,0.010118085767557572
2024-04-25,-0.01791691277810581
2024-04-24,0.025110264635124224
2024-04-23,-0.00364249743313938
2024-04-22,-0.016218072969060526
2024-04-19,-0.004588986432561781
2024-04-18,0.012903387452395165
2024-04-17,0.01872510945655126
2024-04-16,0.006653069153069069
2024-04-15,-0.0022673549134063498
2024-04-12,0.01996905521709702
2024-04-11,0.01429248637117797
2024-04-10,-0.010912999789685296
2024-04-09,0.007135094268298392
2024-04-08,-0.003964530355634821
2024-04-05,0.002190348336041925
2024-04-04,-0.01795450272607635
2024-04-03,0.006150090935196584
2024-04-02,0.0023546200499464653
2024-04-01,0.007426917236142749
2024-03-28,-0.00906799820995352
2024-03-27,0.0016875831907205985
2024-03-26,0.0005220321287044971
2024-03-25,0.0028696786434248
2024-03-22,0.013905311450598257
2024-03-21,0.0014694220273359093
2024-03-20,-0.00964203367724803
2024-03-19,-0.008983373703642772
2024-03-18,-0.009705512446311237
2024-03-15,-0.0021566184223137386
2024-03-14,0.02113251044618414
2024-03-13,-0.023799444993179986
2024-03-12,0.00043363045049371607
2024-03-11,-0.025910229242920413
2024-03-08,0.004202511618708771
2024-03-07,0.007188223130323301
2024-03-06,-0.017231265581463595
2024-03-05,0.0013927230222090525
2024-03-04,0.03047311560908983
2024-03-01,0.0013978598284005717
2024-02-29,-0.0044765342960289
2024-02-28,-0.01431196209264085
2024-02-27,-0.0005886392622388437
2024-02-26,0.00014724649062536344
2024-02-23,0.006870491240123622
2024-02-22,0.0031924745333138382
2024-02-21,-0.023004979958702765
2024-02-20,0.0015167338007857634
2024-02-16,0.0031530077707986326
2024-02-15,0.006187199920803854
2024-02-14,0.007206808343172
2024-02-13,-0.007741336784781061
2024-02-12,0.02200236266981692
2024-02-09,0.012739006887251492
2024-02-08,-0.015313280228272497
2024-02-07,-0.0001448890391442248
2024-02-06,-0.020673831662842646
2024-02-05,0.0003945843300696694
2024-02-02,0.013731048933810053
2024-02-01,-0.018092505228345046
2024-01-31,-0.015354896230620585
2024-01-30,0.02769253986619047
2024-01-29,0.0027656085562546284
2024-01-26,-0.014131602069706206
2024-01-25,0.0023271358898819816
2024-01-24,-0.0057055351100353535
2024-01-23,-0.009091812400635946
2024-01-22,-0.005991476560541442
2024-01-19,0.005447529696603004
2024-01-18,-0.012040033110091053
2024-01-17,-0.011171198618833533
2024-01-16,0.0020540734844787245
2024-01-12,-0.004612191559689283
2024-01-11,-0.009884933199474921
2024-01-10,-0.004835816238982993
2024-01-09,-0.01823549389973078
2024-01-08,-0.0029271667686741054
2024-01-05,-0.018521978168619335
2024-01-04,0.0005166553365056892
2024-01-03,0.007229439582540742
2024-01-02,0.0007285483000538662
2023-12-29,0.01394019467738028
2023-12-28,-0.0020210615891927963
2023-12-27,-0.0032242592197825326
2023-12-26,0.0015772449006872247
2023-12-22,-0.00021352693108434018
2023-12-21,-0.002776442949436575
2023-12-20,-0.007817101247523772
2023-12-19,0.007123198963898236
2023-12-18,-0.0016342495847398997
2023-12-15,-0.005152287669394795
2023-12-14,-0.012947428047366039
2023-12-13,0.023064520536714594
2023-12-12,2.671154205735604e-05
2023-12-11,-0.008226935199529883
2023-12-08,0.007891193105305616
2023-12-07,-0.008764663442268228
2023-12-06,-0.00579592937053508
2023-12-05,0.010086767895878479
2023-12-04,-0.009073338344249948
2023-12-01,0.014547326217695167
2023-11-30,0.011748684948332588
2023-11-29,-0.00015834894829902524
2023-11-28,0.010162333377325972
2023-11-27,-0.010687222367389504
2023-11-24,-0.00311666358521967
2023-11-22,0.0011127891264606227
2023-11-21,-0.012650522694190869
2023-11-20,0.01171361942798943
2023-11-17,-0.02010915642221278
2023-11-16,0.017088008652156317
2023-11-15,-0.017279421538134332
2023-11-14,0.0016230692239023181
2023-11-13,-0.009695627515056482
2023-11-10,0.008154248936402375
2023-11-09,-0.024291936051072605
2023-11-08,0.00695888436053127
2023-11-07,-0.0073513215859031256
2023-11-06,-0.011094777133664357
2023-11-03,-0.010461952710851707
2023-11-02,-0.012698412698412764
2023-11-01,-0.006459577400091843
2023-10-31,-0.023001126939636407
2023-10-30,-0.0023660938747744886
2023-10-27,-0.022234739557083993
2023-10-26,-0.005821533610260499
2023-10-25,0.038976486016651934
2023-10-24,-0.029764875099069554
2023-10-23,-0.0036607872205245418
2023-10-20,-0.008046884489250505
2023-10-19,0.014234548627054755
2023-10-18,-0.0036520584329348127
2023-10-17,0.00590712186846809
2023-10-16,0.0017466722881407382
2023-10-13,-0.014760702260702141
2023-10-12,0.010465932322338611
2023-10-11,0.0038048073438821106
2023-10-10,-0.012123217616268667
2023-10-09,0.004354578397637088
2023-10-06,-0.0077618094718331365
2023-10-05,-0.024139827659964475
2023-10-04,-0.0012681613226454003
2023-10-03,-0.01744760232634701
2023-10-02,0.026835572290117904
2023-09-29,-0.018800497203231847
2023-09-28,-0.006682501979414113
2023-09-27,-0.0027101135059303116
2023-09-26,-0.002078071549602045
2023-09-25,0.01729992951880588
2023-09-22,-0.0016690810606538875
2023-09-21,0.007949276048074161
2023-09-20,0.003880699777798702
2023-09-19,0.02456588833120299
2023-09-18,0.0012475277650996208
2023-09-15,0.003525192973925728
2023-09-14,0.025679849797104914
2023-09-13,-0.007794508414526113
2023-09-12,-0.012765577575433062
2023-09-11,0.018597220966332095
2023-09-08,-0.010859915961413336
2023-09-07,-0.013043348191581483
2023-09-06,0.009002455215058491
2023-09-05,0.002012737322758973
2023-09-01,-0.014660470694048855
2023-08-31,-0.0027383922594780286
2023-08-30,0.0031425433243836842
2023-08-29,-0.0011557529121931642
2023-08-28,-0.014341828811546664
2023-08-25,-0.002224281742353895
2023-08-24,-0.009319462505418263
2023-08-23,0.021970809763415255
2023-08-22,-0.013883792048929755
2023-08-21,-0.001798672703591131
2023-08-18,-0.016776438424257467
2023-08-17,0.0012639029322547568
2023-08-16,0.011108305983337452
2023-08-15,0.004556803995006353
2023-08-14,0.006773131175044966
2023-08-11,-0.009350697444760026
2023-08-10,0.005981122083424273
2023-08-09,-0.0021676524324156787
2023-08-08,0.011854886261366104
2023-08-07,0.012452077902162184
2023-08-04,-0.007058253309503049
2023-08-03,-0.0034169259869423207
2023-08-02,0.0025714810506336505
2023-08-01,0.026992366412213586
2023-07-31,-0.0012487363976927401
2023-07-28,0.007293403191235948
2023-07-27,-0.022608387268374774
2023-07-26,0.0213171262699563
2023-07-25,0.03910945317819836
2023-07-24,-0.01672459969229012
2023-07-21,-0.0038828199704442623
2023-07-20,0.009017657154492875
2023-07-19,0.023668809640499333
2023-07-18,0.012419736397431658
2023-07-17,-0.038276447189073415
2023-07-14,-0.0014172909495849817
2023-07-13,-0.0074730622175877
2023-07-12,-0.01593416214323251
2023-07-11,-0.01402728351126914
2023-07-10,-0.0019249857129968184
2023-07-07,0.016243257089473717
2023-07-06,0.012009963821837166
2023-07-05,-0.009142321329152936
2023-07-03,-0.00047316279757492197
2023-06-30,0.007544601911299242
2023-06-29,-0.016121454161038384
2023-06-28,0.0023877033278616455
2023-06-27,-0.0038112252493673893
2023-06-26,-0.01784379950384063
2023-06-23,0.01953743152769305
2023-06-22,0.01399916422900116
2023-06-21,-0.018103676665391033
2023-06-20,0.013460846624295586
2023-06-16,0.012660848986836282
2023-06-15,0.016855081354248957
2023-06-14,-0.030910657856937807
2023-06-13,-0.009041323294005865
2023-06-12,-0.007299051721559091
2023-06-09,-0.015247852945607931
2023-06-08,-0.0046819058110714185
2023-06-07,-0.005779991391502204
2023-06-06,0.03185107304100443
2023-06-05,0.006772956125629337
2023-06-02,-0.0016074298981961777
2023-06-01,-0.008407871198568895
2023-05-31,-0.012598472547958428
2023-05-30,0.008587350406528804
2023-05-26,0.005072310618640774
2023-05-25,-0.020937847336958026
2023-05-24,-0.03703362788414333
2023-05-23,0.004492592002548923
2023-05-22,0.018778151367125684
2023-05-19,-0.00884239367332973
2023-05-18,0.0005654331846454141
2023-05-17,-0.014190631671480491
2023-05-16,-0.00719745222929935
2023-05-15,-0.007313787130300953
2023-05-12,-0.0015834033477669651
2023-05-11,0.003689678609573699
2023-05-10,0.007094256876592153
2023-05-09,-0.01700233742115209
2023-05-08,0.005374592833876202
2023-05-05,0.006479831524380364
2023-05-04,-0.016867857717688617
2023-05-03,-0.0033070298942406984
2023-05-02,0.0033180026281209862
2023-05-01,0.000491143053600096
2023-04-28,0.005563555439193513
2023-04-27,-0.00790861159929701
2023-04-26,-0.031033690909687328
2023-04-25,-0.06754240444188642
2023-04-24,0.023055696754048283
2023-04-21,0.014160485502360043
2023-04-20,0.0012248040313551645
2023-04-19,0.008178672538533993
2023-04-18,-0.0002773444271103598
2023-04-17,0.001491139855047452
2023-04-14,-0.009210526315789558
2023-04-13,0.012930733207520806
2023-04-12,-0.021908639249240802
2023-04-11,-0.0023281244488342345
2023-04-10,0.02319414489269178
2023-04-06,0.007636753170462196
2023-04-05,-0.02489711934156391
2023-04-04,0.009988042484349924
2023-04-03,0.00017410683195207
2023-03-31,0.0037252376144552013
2023-03-30,-0.014741588622962154
2023-03-29,-0.012462594613624423
2023-03-28,-0.018822858365120543
2023-03-27,0.0041783235839114585
2023-03-24,0.015160286561979985
2023-03-23,-0.010371743236981756
2023-03-22,-0.019340200244903905
2023-03-21,0.00547210694480138
2023-03-20,-0.00566148002045419
2023-03-17,0.026448223928295933
2023-03-16,-0.011559245607128843
2023-03-15,-0.03895727733526422
2023-03-14,-0.017518083182640032
2023-03-13,-0.02634303462556087
2023-03-10,-0.02099086326402011
2023-03-09,0.01500462609115405
2023-03-08,0.0054692454026632475
2023-03-07,0.0017737485218762838
2023-03-06,0.01070234113712365
2023-03-03,-0.006150971308443998
2023-03-02,-0.016373535978690845
2023-03-01,-0.019274421568237
2023-02-28,0.012790839322694536
2023-02-27,0.0029668831689519948
2023-02-24,-0.003757595139111003
2023-02-23,0.022269480780033657
2023-02-22,-0.012795855084978713
2023-02-21,0.004612142658343643
2023-02-17,0.021332172398781157
2023-02-16,0.015849027357978773
2023-02-15,0.027350753385466442
2023-02-14,0.010582207039952607
2023-02-13,-0.0031230480949407946
2023-02-10,-0.030296329057938887
2023-02-09,0.0019764348156594558
2023-02-08,0.01179728396934987
2023-02-07,0.003111760956772791
2023-02-06,-0.04032740319928252
2023-02-03,0.00615336682634271
2023-02-02,0.024191987613702448
2023-02-01,-0.044784580498866244
2023-01-31,-0.01954500494559841
2023-01-30,-0.020580283281546374
2023-01-27,0.022454781426393566
2023-01-26,-0.0006447453255963298
2023-01-25,-0.02979838709677418
2023-01-24,0.005943227629774173
2023-01-23,0.002231036192364977
2023-01-20,-0.009728749278588578
2023-01-19,-0.03451003247023554
2023-01-18,0.01672918553011682
2023-01-17,0.019252788261736153
2023-01-13,-0.0046598710214270644
2023-01-12,-0.0030096559796012334
2023-01-11,-0.01148798792503447
2023-01-10,-0.02935063833396956
2023-01-09,-0.007559536814507273
2023-01-06,-0.009642479746389543
2023-01-05,-0.011648068287911761
2023-01-04,0.03054293554046139
2023-01-03,0.04574421649934535
2022-12-30,0.0010017530678687603
2022-12-29,0.004962054874489086
2022-12-28,-0.02688685116800127
2022-12-27,0.010361147827570028
2022-12-23,0.007469615124915618
2022-12-22,-0.002261969589075541
2022-12-21,0.02619757336580042
2022-12-20,-0.010759726711123796
2022-12-19,-0.005583126550868567
2022-12-16,0.017633603659804598
2022-12-15,0.01765499203073273
2022-12-14,0.03297056343118765
2022-12-13,-0.0011663167716352563
2022-12-12,-0.017164876226062664
2022-12-09,-0.028078095916993395
2022-12-08,0.008067802135115487
2022-12-07,-0.01224737267582865
2022-12-06,0.0030691165036624835
2022-12-05,0.02072454308093996
2022-12-02,0.01926458832933653
2022-12-01,-0.0012940161555956564
2022-11-30,0.0017668538222936903
2022-11-29,-0.058046562671474344
2022-11-28,0.00595015187450576
2022-11-25,0.02370119126406367
2022-11-23,0.000363651056608294
2022-11-22,-0.010299701106713077
2022-11-21,-0.012161776109047784
2022-11-18,-0.003429043586036018
2022-11-17,0.0019069728878202685
2022-11-16,0.0002068851373717706
2022-11-15,0.0009928432548711452
2022-11-14,-0.0017357523659957685
2022-11-11,0.023018008693852288
2022-11-10,-0.01671320464570447
2022-11-09,-0.0760144867890361
2022-11-08,0.019420070375484544
2022-11-07,-0.004369292611526188
2022-11-04,-0.028437266862684996
2022-11-03,-0.03225077916798402
2022-11-02,0.027304550758459722
2022-11-01,0.036665152203543716
2022-10-31,0.01735548056273828
2022-10-28,0.0161116615689485
2022-10-27,-0.03866536651545349
2022-10-26,0.02015435501653795
2022-10-25,0.08360712432993256
2022-10-24,-0.013604085215032313
2022-10-21,-0.020748230535894807
2022-10-20,-0.024657194779448166
2022-10-19,0.0013974168960406708
2022-10-18,0.00854194857916113
2022-10-17,-0.004067085953878391
2022-10-14,-0.037763650907253865
2022-10-13,0.024851242562128117
2022-10-12,-0.036244877049180335
2022-10-11,-0.0015060908084164604
2022-10-10,0.01703562397409164
2022-10-07,0.021766630316248703
2022-10-06,0.053577527322404395
2022-10-05,0.009765387576482043
2022-10-04,-0.001284109149277679
2022-10-03,-0.03270652523304396
2022-09-30,-0.032566254050012455
2022-09-29,0.019750966079862486
2022-09-28,0.015031578947368285
2022-09-27,-0.01933048492139211
2022-09-26,0.004399137092339522
2022-09-23,0.0019793640766476717
2022-09-22,0.012861466039004732
2022-09-21,-0.008423935596315046
2022-09-20,0.014647415777359285
2022-09-19,0.008537842854196898
2022-09-16,0.0008997219041386728
2022-09-15,0.0026150200212469166
2022-09-14,0.02787513244763229
2022-09-13,-0.0009119023075092603
2022-09-12,0.058176911782213514
2022-09-09,-0.00821301331333213
2022-09-08,-0.02246086364667621
2022-09-07,-0.001663314250348158
2022-09-06,-0.018753148126622432
2022-09-02,0.011095755182625844
2022-09-01,0.016949152542372836
2022-08-31,0.0041090629800308864
2022-08-30,0.005736795808314543
2022-08-29,0.00859413621325622
2022-08-26,0.010783093918485642
2022-08-25,0.04013577529933987
2022-08-24,-0.01097364174287252
2022-08-23,0.0023568657311721086
2022-08-22,0.004738822167559054
2022-08-19,0.030243024302430088
2022-08-18,0.014048575921719486
2022-08-17,0.003963193989729996
2022-08-16,0.004771385418096852
2022-08-15,0.002596426497215809
2022-08-12,-0.005315705182812547
2022-08-11,-0.01675173854955314
2022-08-10,0.007455926416277681
2022-08-09,-0.023723889887951377
2022-08-08,-0.0070138150903295005
2022-08-05,0.009239440639269514
2022-08-04,0.002615672828814697
2022-08-03,-0.004160056407544355
2022-08-02,-0.027082522037738643
2022-08-01,0.011607597700312944
2022-07-29,0.009819790655012373
2022-07-28,-0.01542352354491694
2022-07-27,-0.027748634275171047
2022-07-26,-0.06266279675522812
2022-07-25,0.027510917030567628
2022-07-22,0.005911215855967322
2022-07-21,0.017206944231064503
2022-07-20,-0.009703972209636036
2022-07-19,-0.010447249018187388
2022-07-18,-0.020344468847531938
2022-07-15,0.009714847590953868
2022-07-14,-0.010283577438454428
2022-07-13,-0.005352644836272069
2022-07-12,0.003759100981323149
2022-07-11,0.042732684196002735
2022-07-08,0.011908812521265855
2022-07-07,0.002764701486960952
2022-07-06,-0.008159463487332319
2022-07-05,-0.01262161451485655
2022-07-01,-0.012440555449876545
2022-06-30,-0.010594036520533145
2022-06-29,0.013355137639683878
2022-06-28,-0.01452393760086057
2022-06-27,0.032790081097941126
2022-06-24,0.01060817697912353
2022-06-23,-0.033022039596563246
2022-06-22,-0.022135517268021432
2022-06-21,0.002409828941650538
2022-06-17,-0.024000945850082722
2022-06-16,-0.010821724207551009
2022-06-15,0.02771767971588357
2022-06-14,-0.028876707975849958
2022-06-13,-0.009121027444885299
2022-06-10,0.04429125732683903
2022-06-09,0.04664215976916086
2022-06-08,0.021224366479096757
2022-06-07,0.007729004104877646
2022-06-06,-0.013761467889908285
2022-06-03,0.0047255813953488435
2022-06-02,0.016887637952744283
2022-06-01,-0.007866559836841591
2022-05-31,-0.0020189413405771184
2022-05-27,0.005039173134218533
2022-05-26,-0.026862831210657467
2022-05-25,-0.012711545693869897
2022-05-24,-0.011046777388389328
2022-05-23,0.003967336876973926
2022-05-20,-0.031037790140034383
2022-05-19,0.0022964840038011136
2022-05-18,0.0037133601959391527
2022-05-17,0.050141687657430545
2022-05-16,-0.019938535342178265
2022-05-13,-0.0014531548757169555
2022-05-12,-0.022097120098039214
2022-05-11,0.02036420599177613
2022-05-10,0.0343504125887546
2022-05-09,-0.01825602968460116
2022-05-06,0.03836268803386522
2022-05-05,0.009536635969861429
2022-05-04,0.045538128718226156
2022-05-03,-0.028277812262914814
2022-05-02,0.00954645468095694
2022-04-29,-0.02443139874151945
2022-04-28,0.04363649466705111
2022-04-27,-0.02213168525359932
2022-04-26,-0.04590071322646705
2022-04-25,0.03885722744430464
2022-04-22,-0.023831575947563577
2022-04-21,0.024741816589424648
2022-04-20,0.01976425340977883
2022-04-19,-0.003701634306467416
2022-04-18,-0.016754293725902647
2022-04-14,-0.0024597176671894427
2022-04-13,0.027838330414894807
2022-04-12,-0.019331061817676076
2022-04-11,0.011345103878607432
2022-04-08,0.04105026992918748
2022-04-07,0.014816311411927074
2022-04-06,-0.006204997179546701
2022-04-05,0.037996661101836304
2022-04-04,0.013156201749871421
2022-04-01,-0.01762072578340801
2022-03-31,-0.0035873569904983915
2022-03-30,0.01800136226525262
2022-03-29,0.004938507614860255
2022-03-28,-0.01493294442154669
2022-03-25,-0.02259414225941414
2022-03-24,0.0013830347734458126
2022-03-23,-0.015159487010851791
2022-03-22,0.015259274099302056
2022-03-21,-0.016115240413076326
2022-03-18,0.004245219949190915
2022-03-17,-0.01734181007222979
2022-03-16,-0.00281146263803278
2022-03-15,-0.02459322667210162
2022-03-14,-0.03729757966219738
2022-03-11,0.013131240052090876
2022-03-10,0.0197093583746919
2022-03-09,0.010189432403095333
2022-03-08,-0.04384748700173302
2022-03-07,0.011092985318107651
2022-03-04,0.03925997633645251
2022-03-03,0.020906644587042056
2022-03-02,0.014429575560962471
2022-03-01,-0.017455611446084207
2022-02-28,0.013019155789116832
2022-02-25,-0.004953311690484963
2022-02-24,-0.009148700010090605
2022-02-23,-0.04860993244848766
2022-02-22,0.026581510686124243
2022-02-18,0.0007298762685943316
2022-02-17,0.009724585836835331
2022-02-16,0.030165445602448937
2022-02-15,0.003238731218697888
2022-02-14,-0.01820481246047867
2022-02-11,0.00013559322033906973
2022-02-10,0.024877982646420715
2022-02-09,0.02920166677690328
2022-02-08,-0.021368207962468966
2022-02-07,-0.01185316522195956
2022-02-04,0.01658082737996347
2022-02-03,-0.01532980322939137
2022-02-02,0.040531120331950055
2022-02-01,-0.014993938620557645
2022-01-31,0.007190050524679359
2022-01-28,-0.008746543186057054
2022-01-27,-0.027314604554596777
2022-01-26,-0.010438900747065105
2022-01-25,-0.027703818543358683
2022-01-24,0.027314638289022142
2022-01-21,-0.0011472146303608266
2022-01-20,0.018815660574941884
2022-01-19,0.005736074270557001
2022-01-18,-0.0022417828767349324
2022-01-14,0.024946307616058094
2022-01-13,-0.01740812379110246
2022-01-12,0.04419291338582676
2022-01-11,-0.01033713513683343
2022-01-10,-0.0022541113721507022
2022-01-07,-0.0007318547745568393
2022-01-06,-0.0005094892370399728
2022-01-05,0.007964827322543666
2022-01-04,0.03992034894746821
2022-01-03,0.017446278228625323
2021-12-31,0.0046900672143390665
2021-12-30,0.008920076117982845
2021-12-29,0.007750795709065228
2021-12-28,-0.0020470829068577334
2021-12-27,0.003516483516483593
2021-12-23,-0.022660242371149053
2021-12-22,-0.004451880844961065
2021-12-21,-0.017737094837935063
2021-12-20,-0.02254880992392072
2021-12-17,0.01215966990716133
2021-12-16,0.0033971587399628245
2021-12-15,0.03000923361034169
2021-12-14,-0.018855520693261574
2021-12-13,0.03368459523664491
2021-12-10,0.009251620506776748
2021-12-09,-0.027558825246686514
2021-12-08,0.00561392975082553
2021-12-07,-0.0001492670985461242
2021-12-06,-0.026065926191329303
2021-12-03,-0.009748919341488138
2021-12-02,0.020061298411814033
2021-12-01,0.0017906461501107085
2021-11-30,0.0015450799806107085
2021-11-29,0.018270365104812614
2021-11-26,-0.020645812910316974
2021-11-24,0.024963601067702124
2021-11-23,-0.0006806546121749246
2021-11-22,0.006366974650556578
2021-11-19,0.009651884765912389
2021-11-18,-0.005362711666812459
2021-11-17,-0.0062999970697686924
2021-11-16,0.001150035385704129
2021-11-15,-0.010132249418279282
2021-11-12,0.0019341208676764143
2021-11-11,-0.01274055595153245
2021-11-10,-0.004903287910236753
2021-11-09,0.015568319226118454
2021-11-08,0.0030956987646972856
2021-11-05,-0.0027597258078875253
2021-11-04,0.0011307504612272368
2021-11-03,-0.007252407561526564
2021-11-02,-0.002604790419161729
2021-11-01,-0.011286884999849867
2021-10-29,0.006831223244375684
2021-10-28,-0.021922682588504827
2021-10-27,-0.003638045321412098
2021-10-26,-0.040412166970944075
2021-10-25,-0.006384831188933071
2021-10-22,0.00334274494531539
2021-10-21,0.0051753137533960825
2021-10-20,-0.010780023169004949
2021-10-19,0.0026674473829737533
2021-10-18,-0.003049670700450924
2021-10-15,-0.010023105210062333
2021-10-14,-0.004799316261792752
2021-10-13,-0.021271676300578024
2021-10-12,-0.01157571462319873
2021-10-11,0.004609396339797955
2021-10-08,0.0021071950514903737
2021-10-07,0.0
2021-10-06,-0.005901305748685748
2021-10-05,-0.014840844734059
2021-10-04,-0.019566421942097123
2021-10-01,0.021157853837731055
2021-09-30,-0.024835696990660683
2021-09-29,0.007377979568671922
2021-09-28,-0.0016901408450704647
2021-09-27,0.037563487584650224
2021-09-24,0.017608865621919323
2021-09-23,0.0007015199599129662
2021-09-22,-0.0032714648150621306
2021-09-21,-0.012659923638555726
2021-09-20,-0.0016960651289009698
2021-09-17,0.018926265715256463
2021-09-16,0.017841064461266543
2021-09-15,-0.0013105301094293864
2021-09-14,-0.016501541893576444
2021-09-13,-0.009339871243203568
2021-09-10,-0.004309909424559888
2021-09-09,0.0052078049440331675
2021-09-08,0.009957947855340654
2021-09-07,-9.993004896557967e-05
2021-09-03,0.00319808115130904
2021-09-02,3.3207146177938185e-05
2021-09-01,0.002258010957994383
2021-08-31,0.00016565616406594152
2021-08-30,0.00566450245130512
2021-08-27,-0.012747455449784062
2021-08-26,-0.002101961831042498
2021-08-25,0.009762947607743433
2021-08-24,0.002019800668852101
2021-08-23,0.0067080827440353374
2021-08-20,-0.0009519120301985096
2021-08-19,-0.024937573925614465
2021-08-18,-0.02035246150217329
2021-08-17,0.008083101159150896
2021-08-16,0.005186297256721817
2021-08-13,-0.005940257976917884
2021-08-12,-0.010380740993682802
2021-08-11,-0.009868534557123665
2021-08-10,-0.0017773131207526882
2021-08-09,0.006598240469208205
2021-08-06,0.003919120452259506
2021-08-05,0.00020728252608304132
2021-08-04,-0.010396518375241803
2021-08-03,0.0021290705385501596
2021-08-02,-0.008010587907495204
2021-07-30,0.000315989045713172
2021-07-29,0.005580709697799113
2021-07-28,-0.0009773123909249115
2021-07-27,0.0011180211026482478
2021-07-26,0.008759684511761012
2021-07-23,0.0021449576197889453
2021-07-22,-0.012186280940380545
2021-07-21,-0.016565317676661806
2021-07-20,-0.007391613361762528
2021-07-19,-0.008270084490906493
2021-07-16,0.013501317641962496
2021-07-15,0.0009973285841495816
2021-07-14,0.005266341671707808
2021-07-13,-0.0054157374960177584
2021-07-12,-0.013025838137945889
2021-07-09,0.002235684407904337
2021-07-08,-0.0018709073900841089
2021-07-07,0.009047653377550313
2021-07-06,-0.008109170149680267
2021-07-02,-3.601527047480957e-05
2021-07-01,-0.021790023410768744
2021-06-30,-0.002577319587629079
2021-06-29,0.0018456995201181492
2021-06-28,-0.009874723655121431
2021-06-25,-0.013768978862756964
2021-06-24,0.006301411214248098
2021-06-23,-0.005305785743747515
2021-06-22,0.0008858731505041462
2021-06-21,-0.010847049075364379
2021-06-18,-0.012184441990633177
2021-06-17,0.005666268357553017
2021-06-16,-0.013491759294748884
2021-06-15,0.003807599658093075
2021-06-14,0.005921969345099809
2021-06-11,-0.0076955635076378925
2021-06-10,-0.0025204544573266263
2021-06-09,-0.014189084123775508
2021-06-08,-0.004022240624630302
2021-06-07,0.004909530031278475
2021-06-04,-0.011898664355226352
2021-06-03,-0.0202559910682244
2021-06-02,0.006471043099588902
2021-06-01,0.0004043671653861658
2021-05-28,0.009215844785771976
2021-05-27,-0.0014818968279397549
2021-05-26,0.008744133809313714
2021-05-25,0.0009145492862538962
2021-05-24,-0.003734307961226757
2021-05-21,-0.02237020496052322
2021-05-20,0.005343231227311618
2021-05-19,-0.013631937682570539
2021-05-18,-0.00016452780519904397
2021-05-17,0.00863913115023851
2021-05-14,0.012113549229137766
2021-05-13,-0.02063268184565792
2021-05-12,-0.016582314940542298
2021-05-11,0.030251046025104644
2021-05-10,0.0038581813751370486
2021-05-07,0.021360951533295536
2021-05-06,-0.010813594232749857
2021-05-05,-0.013054098426300342
2021-05-04,0.00535562137379797
2021-05-03,0.016425198757012094
2021-04-30,0.00127054712935748
2021-04-29,0.0013085891030215624
2021-04-28,0.008118490356817665
2021-04-27,0.0291090509113765
2021-04-26,-0.0016032370118715944
2021-04-23,-0.0015293442936342716
2021-04-22,-0.015240283362052298
2021-04-21,0.013259711474899794
2021-04-20,-0.008903215902985595
2021-04-19,0.001858592116471769
2021-04-16,0.0077297673340033235
2021-04-15,-0.004755695328679921
2021-04-14,-0.015067437379576054
2021-04-13,0.01134629680347432
2021-04-12,-0.009981043754110464
2021-04-09,-0.00023445742643901646
2021-04-08,-0.010162204416650389
2021-04-07,-0.013228035538005889
2021-04-06,-0.008163265306122436
2021-04-05,0.004881788106188889
2021-04-01,-0.026980366965110192
2021-03-31,-0.027150814937074386
2021-03-30,-0.01662637316028337
2021-03-29,0.014621522536122589
2021-03-26,0.005271212378846979
2021-03-25,-0.017506765899864662
2021-03-24,0.013428596023069561
2021-03-23,0.00900365242504031
2021-03-22,-0.006692482532199673
2021-03-19,-0.023899317767702044
2021-03-18,0.001606251356631283
2021-03-17,0.027392510402219017
2021-03-16,0.0028265271684104754
2021-03-15,-0.012199739177989999
2021-03-12,0.004003236659426701
2021-03-11,0.005853658536585371
2021-03-10,-0.01986252266689159
2021-03-09,0.00585147577661127
2021-03-08,-0.027333390367011767
2021-03-05,0.01851444654558243
2021-03-04,-0.021027633851468108
2021-03-03,0.003660741851541527
2021-03-02,0.027728950606433544
2021-03-01,0.013126950870141485
2021-02-26,-0.019245378576854932
2021-02-25,-0.014588174541698917
2021-02-24,0.02428053626795923
2021-02-23,-0.005457258580260027
2021-02-22,0.005315728554893484
2021-02-19,0.02754679971003382
2021-02-18,0.011702701581109753
2021-02-17,0.0016817752984126244
2021-02-16,-0.0020475020475020367
2021-02-12,0.005293393516618838
2021-02-11,-0.0020408996285562475
2021-02-10,-0.006830545216573336
2021-02-09,0.003912363067292812
2021-02-08,-0.005332895762399037
2021-02-05,-0.0011135398193591328
2021-02-04,-0.000784475639966975
2021-02-03,0.004090740052064001
2021-02-02,-0.014362139917695527
2021-02-01,0.0005845267420985234
2021-01-29,-0.03208846234091378
2021-01-28,0.03004828418692873
2021-01-27,-0.025237517264470766
2021-01-26,-0.0024474023185916405
2021-01-25,-0.012051822838204274
2021-01-22,-0.015597089705049472
2021-01-21,-0.004337242752821324
2021-01-20,-0.0028003733831177824
2021-01-19,-0.03521440670410991
2021-01-15,-0.01751062650157087
2021-01-14,0.0017399482718081227
2021-01-13,0.015585391043094532
2021-01-12,-0.0065175187205325225
2021-01-11,0.011910854696878026
2021-01-08,0.009793553726608062
2021-01-07,-0.006055914761861403
2021-01-06,-0.027669613816482586
2021-01-05,0.02661955241460534
2021-01-04,-0.0009637448370812818
2020-12-31,0.021728145528044474
2020-12-30,-0.0033270389353474705
2020-12-29,0.011142186936124121
2020-12-28,0.0036136515726077345
2020-12-24,-0.009823968705547692
2020-12-23,-0.007766554433221051
2020-12-22,0.013211474074744212
2020-12-21,-0.006028400464410111
2020-12-18,-0.01797025922098927
2020-12-17,0.0037970629946475487
2020-12-16,-0.0006380457569956643
2020-12-15,-0.023485954031375433
2020-12-14,0.0003269042170643832
2020-12-11,-0.004388422035480843
2020-12-10,-0.01284816655725396
2020-12-09,0.006080182405472145
2020-12-08,0.019877242681775265
2020-12-07,-0.00796259432433688
2020-12-04,0.0003266601334641628
2020-12-03,-0.0005598059339428918
2020-12-02,0.00527445855115749
2020-12-01,0.0039002646608163882
2020-11-30,-0.009897784561306189
2020-11-27,0.00541878824683506
2020-11-25,-0.006318821725595836
2020-11-24,-4.6757375976036464e-05
2020-11-23,-0.017534835873936228
2020-11-20,0.0013326352862785829
2020-11-19,0.009648747564047655
2020-11-18,-0.006308257226249725
2020-11-17,0.016012886109531888
2020-11-16,0.012916161521961955
2020-11-13,-0.003314459328822017
2020-11-12,-0.004942035009930179
2020-11-11,0.005152246565168994
2020-11-10,-0.025583006234126127
2020-11-09,0.0349746457513862
2020-11-06,0.024405879390082097
2020-11-05,-0.0019220454139102783
2020-11-04,-0.030901518205024847
2020-11-03,-0.04602800499098836
2020-11-02,-0.019861454245991395
2020-10-30,0.0006919389116788466
2020-10-29,0.011112757445547405
2020-10-28,-0.009964830011723325
2020-10-27,0.05215117426485105
2020-10-26,-0.014865181711606001
2020-10-23,0.029274562071591737
2020-10-22,-0.006197104934560382
2020-10-21,-0.00041881893061557207
2020-10-20,-0.0006983240223463749
2020-10-19,-0.00200326112275806
2020-10-16,0.025394454299318525
2020-10-15,0.0
2020-10-14,0.005462988254575363
2020-10-13,0.009055510278004109
2020-10-12,-0.006551198061563346
2020-10-09,-0.02524841915085818
2020-10-08,-0.024234280153838994
2020-10-07,-0.0035615917940925446
2020-10-06,-0.01868179002049286
2020-10-05,0.021708513428196685
2020-10-02,-0.019916341857591058
2020-10-01,0.03040884620980644
2020-09-30,-0.010025416548997468
2020-09-29,-0.014596110873389523
2020-09-28,0.010518189713403459
2020-09-25,-0.0077349121466768755
2020-09-24,-0.022278895197767268
2020-09-23,-0.012795905310300726
2020-09-22,0.03404955381624197
2020-09-21,-0.02352714299488956
2020-09-18,-0.010615187123531156
2020-09-17,0.012575477818254521
2020-09-16,0.010546547730520883
2020-09-15,0.018190685198731904
2020-09-14,-0.016141392853721626
2020-09-11,-0.006718270775522117
2020-09-10,0.006567661618389398
2020-09-09,0.02882602132736034
2020-09-08,-0.040844337166926925
2020-09-04,0.057189381229645786
2020-09-03,0.014235705950991884
2020-09-02,0.06603773584905648
2020-09-01,-0.018907835096050096
2020-08-31,-0.007656091873102566
2020-08-28,0.01498691970026167
2020-08-27,-0.010178672840854386
2020-08-26,-0.02396504545855771
2020-08-25,-0.021162107167081223
2020-08-24,-0.012842426202245072
2020-08-21,-0.0031353830314941877
2020-08-20,0.007323256032297554
2020-08-19,-0.022742100848168634
2020-08-18,0.00853600381497377
2020-08-17,-0.0057213107002695995
2020-08-14,-0.006562678333650318
2020-08-13,-0.0009573958831977647
2020-08-12,0.002347867752755084
2020-08-11,-0.027773794158420628
2020-08-10,0.023945324023994408
2020-08-07,0.020312124849939828
2020-08-06,0.018213478915662717
2020-08-05,-0.015761497573376415
2020-08-04,0.0016436554898093814
2020-08-03,0.015237470111116425
2020-07-31,-0.05324651334626396
2020-07-30,-0.005414370030730087
2020-07-29,0.0007846983815595898
2020-07-28,-0.00999705968832687
2020-07-27,0.009058509058508912
2020-07-24,-0.012509197939661432
2020-07-23,0.0061599602583208846
2020-07-22,0.04547249925940555
2020-07-21,-0.01416765053128688
2020-07-20,0.013652694610778449
2020-07-17,-0.04120982986767485
2020-07-16,0.005126182965299542
2020-07-15,0.020204001569242847
2020-07-14,0.0014900980580656586
2020-07-13,-0.006143508519318441
2020-07-10,0.03187327956729602
2020-07-09,0.003042074226611069
2020-07-08,-0.006952220977976764
2020-07-07,-0.02151952262369028
2020-07-06,0.0117647058823529
2020-07-02,-0.021072615092548652
2020-07-01,-0.007563269659652927
2020-06-30,-0.005813385442110408
2020-06-29,-0.024912780698737147
2020-06-26,-0.010632936907881363
2020-06-25,0.020424794988030293
2020-06-24,-0.012478786063691683
2020-06-23,0.020572179539021462
2020-06-22,-0.006636620276360805
2020-06-19,-0.027022984494191493
2020-06-18,0.0059953881629515315
2020-06-17,-0.010594947025264756
2020-06-16,-0.0034493410214169185
2020-06-15,-0.023918995712145508
2020-06-12,-0.0063512226103524805
2020-06-11,-0.007829977628635354
2020-06-10,0.056745584366779456
2020-06-09,-0.035765088396667255
2020-06-08,-0.007586933614330826
2020-06-05,-0.006158420046719182
2020-06-04,-0.022863247863247893
2020-06-03,0.013339164662147462
2020-06-02,-0.002427708243418314
2020-06-01,-0.011248715591368641
2020-05-29,0.0022972159929988134
2020-05-28,-0.010095497953615196
2020-05-27,0.002260198456449869
2020-05-26,-0.0013200594026732126
2020-05-22,0.010684584457784974
2020-05-21,-0.0004359435453108462
2020-05-20,0.012157226189827064
2020-05-19,-0.010933965312937666
2020-05-18,0.006970538583020103
2020-05-15,-0.009464063598507377
2020-05-14,-0.014359030355972857
2020-05-13,-0.00432061153270924
2020-05-12,0.015354659248956848
2020-05-11,0.02317681222946688
2020-05-08,-0.011031380529077928
2020-05-07,-0.005847953216374324
2020-05-06,-0.005773420479302849
2020-05-05,-0.009751287389065388
2020-05-04,-0.010621818986501386
2020-05-01,-0.023876090360098523
2020-04-30,0.026579595577705284
2020-04-29,-0.00993248144634784
2020-04-28,-0.042946514118243795
2020-04-27,0.024969083092868605
2020-04-24,0.002872737719046281
2020-04-23,-0.017931824692065446
2020-04-22,0.012250612530626759
2020-04-21,-0.032849239280774656
2020-04-20,0.04314146108926242
2020-04-17,0.020221638295441435
2020-04-16,-0.0087346024636058
2020-04-15,-0.02914595571622225
2020-04-14,0.010588782871771008
2020-04-13,-0.04715025906735748
2020-04-09,-0.0022355144704248042
2020-04-08,-6.0554680876734324e-05
2020-04-07,-0.00993156906679582
2020-04-06,0.010887516056028002
2020-04-03,-0.06922006413747195
2020-04-02,0.009295976077488
2020-04-01,-0.020288548241659043
2020-03-31,0.03681546249424761
2020-03-30,0.01597869507323546
2020-03-27,-0.06571803033139867
2020-03-26,0.0428189712758853
2020-03-25,-0.05886874639677164
2020-03-24,0.009665123876939852
2020-03-23,-0.0833220978832413
2020-03-20,0.01007501103103392
2020-03-19,0.039024390243902474
2020-03-18,-0.01618667227244064
2020-03-17,0.04394586894586894
2020-03-16,-0.07607286620727305
2020-03-13,0.17286959090237808
2020-03-12,-0.1244727066675062
2020-03-11,0.10477491730188393
2020-03-10,0.047451669595782064
2020-03-09,-0.06400695998011419
2020-03-06,0.07269950869738406
2020-03-05,0.029089558705205354
2020-03-04,0.02574126420881706
2020-03-03,-0.035414834359425496
2020-03-02,0.050331286851863055
2020-02-28,-0.06238786966838361
2020-02-27,-0.0236405160175297
2020-02-26,0.07579972183588302
2020-02-25,-0.0123406005758947
2020-02-24,0.016778723151067876
2020-02-21,0.04505822458891684
2020-02-20,0.03264460496108401
2020-02-19,0.015508079384014772
2020-02-18,-0.00026697992310986685
2020-02-14,-0.010041125887945257
2020-02-13,-0.008848125168599896
2020-02-12,0.005443361820260284
2020-02-11,-0.0014617508526880707
2020-02-10,0.023096942094990247
2020-02-07,-0.025490196078431393
2020-02-06,-0.001413888737832325
2020-02-05,-0.020312585089582225
2020-02-04,0.001222901612006666
2020-02-03,-0.03186764379302687
2020-01-31,-0.023798600756967603
2020-01-30,0.014979733302003195
2020-01-29,-0.02743373075587463
2020-01-28,-0.015353487264936794
2020-01-27,-0.019219146621540006
2020-01-24,0.017007641114123784
2020-01-23,0.010179350460494563
2020-01-22,-0.006118042226487597
2020-01-21,0.004828002414001276
2020-01-17,0.003603603603603567
2020-01-16,-0.005565529622980292
2020-01-15,-0.017993620990551684
2020-01-14,-0.0064346120848144395
2020-01-13,0.007093073459569554
2020-01-10,-0.01188143067123959
2020-01-09,0.00464856824098181
2020-01-08,-0.012338824110062263
2020-01-07,-0.015678680742082562
2020-01-06,0.009201675339510107
2020-01-03,-0.002578129912595095
2020-01-02,0.012608750472828056
2019-12-31,-0.018179554227369055
2019-12-30,-0.0006975269499047698
2019-12-27,0.008693445015546697
2019-12-26,-0.0018243583291395193
2019-12-24,-0.008130081300812941
2019-12-23,0.00019062142584824748
2019-12-20,0.0
2019-12-19,-0.01079982212057673
2019-12-18,-0.008605741442425097
2019-12-17,0.0020729416337370576
2019-12-16,0.005430215269248251
2019-12-13,-0.006429627724554798
2019-12-12,-0.008347893612890678
2019-12-11,-0.010049595405899336
2019-12-10,-0.003757415952537868
2019-12-09,0.0015218685899558437
2019-12-06,0.0025766384778012075
2019-12-05,-0.011993410214167999
2019-12-04,-0.0005335823384247096
2019-12-03,-0.003603603603603567
2019-12-02,0.0016073940124574637
2019-11-29,0.01223671013039107
2019-11-27,0.006209538908706458
2019-11-26,-0.0019038865546218142
2019-11-25,-0.00526211931855558
2019-11-22,-0.010844409178073056
2019-11-21,-0.000735343271609179
2019-11-20,0.0009365801445009314
2019-11-19,0.005146370806041745
2019-11-18,-0.0003324689141563919
2019-11-15,-0.0024610882000798417
2019-11-14,-0.012735880509435193
2019-11-13,-0.005065513980818559
2019-11-12,-0.001629217296857055
2019-11-11,-0.006527503909702692
2019-11-08,-0.0010266237766066721
2019-11-07,-0.011647026582625508
2019-11-06,-0.0013863856924996032
2019-11-05,0.0027766208524226954
2019-11-04,0.0006230098297106412
2019-11-01,-0.005741957800069253
2019-10-31,-0.0024352908433064036
2019-10-30,0.00864895026853607
2019-10-29,-0.012308968950971555
2019-10-28,0.009521809143737237
2019-10-25,-0.02399611623552267
2019-10-24,-0.0056135863000070785
2019-10-23,-0.019293983135629467
2019-10-22,-0.0063392596910522014
2019-10-21,0.015105961721786354
2019-10-18,-0.007368345011919408
2019-10-17,0.016592678844334463
2019-10-16,0.005154270169661412
2019-10-15,0.008297129834057282
2019-10-14,-0.014303372770616107
2019-10-11,0.0009315657470441163
2019-10-10,-0.004152348224513269
2019-10-09,-0.006182602444284591
2019-10-08,-0.01859085648148162
2019-10-07,0.010687698090956044
2019-10-04,0.007292882147024393
2019-10-03,-0.013321749203591082
2019-10-02,-0.011960669210449026
2019-10-01,0.017972521351652393
2019-09-30,0.014299263150215236
2019-09-27,-0.009350499892109676
2019-09-26,0.013141653960647703
2019-09-25,-0.0012899527017341539
2019-09-24,-0.014207807118254978
2019-09-23,0.012811180666763677
2019-09-20,0.0021561017680036265
2019-09-19,0.011689615605278147
2019-09-18,-0.01807613241653072
2019-09-17,-0.00815766676292251
2019-09-16,-0.007715263119586369
2019-09-13,0.007261791241839566
2019-09-12,0.0014564520827267113
2019-09-11,-0.01018033740546831
2019-09-10,-0.00029385836027029377
2019-09-09,0.01058201058201047
2019-09-06,0.01148923792902834
2019-09-05,0.006829618979151908
2019-09-04,-0.017279543020349952
2019-09-03,-0.011552713797863823
2019-08-30,0.01337841811231999
2019-08-29,0.0018859712752066216
2019-08-28,-0.018534607587604945
2019-08-27,0.0013278253172026577
2019-08-26,-0.002136437306615724
2019-08-23,-0.01520856404577342
2019-08-22,0.03291101281955178
2019-08-21,0.007330526926984993
2019-08-20,-0.011023848980474149
2019-08-19,0.008378260236048485
2019-08-16,-0.016472798208222006
2019-08-15,-0.017997502387423703
2019-08-14,0.002244165170556478
2019-08-13,0.034482758620689724
2019-08-12,-0.020274170274170333
2019-08-09,0.014139480079534694
2019-08-08,0.008568731392055717
2019-08-07,-0.025991792065663377
2019-08-06,-0.004361324659964527
2019-08-05,-0.018412651273294167
2019-08-02,0.03547386733227431
2019-08-01,0.008473338203067948
2019-07-31,-0.012965377372156972
2019-07-30,0.02994055918397298
2019-07-29,0.004845030281439344
2019-07-26,0.0021981138764801678
2019-07-25,-0.008136408659968897
2019-07-24,0.0037805834938298144
2019-07-23,-0.010162023877202997
2019-07-22,-0.006174168999928065
2019-07-19,-0.013075200462327574
2019-07-18,-0.001463914507392916
2019-07-17,-0.0010995455211844085
2019-07-16,0.005944081602700546
2019-07-15,0.013276918587685982
2019-07-12,0.0
2019-07-11,-0.003599712023038104
2019-07-10,-0.0039739884393064084
2019-07-09,-0.010083424011606668
2019-07-08,0.0036640773853142683
2019-07-05,0.0007301401869157509
2019-07-03,0.002918429884722018
2019-07-02,-0.0064018623599592095
2019-07-01,-0.006589544589251761
2019-06-28,-0.012676886792452824
2019-06-27,0.0014183338309943228
2019-06-26,-0.0016399552739471135
2019-06-25,-0.00373329351153584
2019-06-24,0.032601364011091816
2019-06-21,-0.005878937436492926
2019-06-20,-0.0001460173760677863
2019-06-19,-0.009200438116100718
2019-06-18,-0.0039059621195371985
2019-06-17,-0.017090855282627992
2019-06-14,-0.0030109145652992275
2019-06-13,-0.0009815024537560557
2019-06-12,-0.006272672309552529
2019-06-11,0.004639136055973658
2019-06-10,0.0037850113550341735
2019-06-07,-0.009049773755656076
2019-06-06,-0.027245053272450637
2019-06-05,-0.015568768580816683
2019-06-04,-0.021219105141858097
2019-06-03,-0.026956804157193814
2019-05-31,0.03204272363150862
2019-05-30,0.016575032341526574
2019-05-29,-0.006283305495903946
2019-05-28,0.009764687049783838
2019-05-24,0.0006341154090043766
2019-05-23,-0.000475285171102513
2019-05-22,0.011808527500396293
2019-05-21,-0.006031174120780136
2019-05-20,-0.005358550039401111
2019-05-17,0.014656948185707508
2019-05-16,0.0067150776918873945
2019-05-15,-0.02257038703172276
2019-05-14,-0.010236470401523534
2019-05-13,-0.011063898019722629
2019-05-10,0.03064450749898673
2019-05-09,-0.012821521277432524
2019-05-08,7.968127490043386e-05
2019-05-07,7.967492630056583e-05
2019-05-06,0.020952836201402203
2019-05-03,0.005852516582130374
2019-05-02,-0.020868890612878332
2019-05-01,0.013231915062198008
2019-04-30,0.021269940569283774
2019-04-29,-0.006355283307809989
2019-04-26,0.0009247129536871235
2019-04-25,-0.005697128339363977
2019-04-24,-0.03205574912891984
2019-04-23,0.0034397248220141563
2019-04-22,-0.013392857142857095
2019-04-18,-0.0031512605042016695
2019-04-17,-0.012969117289454601
2019-04-16,-0.008212203334154511
2019-04-15,0.0023184565703402438
2019-04-12,-0.0008261049153241995
2019-04-11,-0.00512608515915669
2019-04-10,-0.0011634671320535084
2019-04-09,-0.007571345369831062
2019-04-08,0.0054493628437291
2019-04-05,-0.00033352789126994686
2019-04-04,-0.0044207189924097
2019-04-03,0.005110589812332478
2019-04-02,-0.006501625406351574
2019-04-01,-0.0014262941521939743
2019-03-29,-0.009074105192404591
2019-03-28,-0.008563676445650259
2019-03-27,-0.0013683400324981942
2019-03-26,0.00976278153635346
2019-03-25,-0.002120261216181807
2019-03-22,-0.005184429712731586
2019-03-21,0.02708244340025634
2019-03-20,-0.022458825486607936
2019-03-19,0.0011061946902655162
2019-03-18,-0.000679983000425044
2019-03-15,-0.014119248107510418
2019-03-14,-0.01138814597532567
2019-03-13,-0.0007854088489397393
2019-03-12,-0.007685589519650593
2019-03-11,-0.006953001232177458
2019-03-08,-0.0205619072941593
2019-03-07,-0.0010858745814859017
2019-03-06,0.01231995651780049
2019-03-05,-0.0004474272930649059
2019-03-04,0.005013428827215671
2019-03-01,0.0024051309460182413
2019-02-28,-0.004443259575224401
2019-02-27,0.00124966526823167
2019-02-26,0.0016938575376659326
2019-02-25,-0.006852972588109574
2019-02-22,-0.005556053409803807
2019-02-21,-0.014057853473911863
2019-02-20,-0.02065624714377101
2019-02-19,0.009519365375641575
2019-02-15,0.0004622353702505855
2019-02-14,-0.012197375716133774
2019-02-13,-0.0008419083255378768
2019-02-12,0.0007489935399307424
2019-02-11,-0.015342875853681326
2019-02-08,0.003990498812351584
2019-02-07,-0.0037853695467020554
2019-02-06,0.007219530730502521
2019-02-05,0.011223238706026484
2019-02-04,-0.013803394889013276
2019-02-01,-0.027993190845469917
2019-01-31,0.01605370694687691
2019-01-30,0.018672795173800605
2019-01-29,-0.0323369054333521
2019-01-28,0.020788809014960163
2019-01-25,0.019889607917777052
2019-01-24,-0.009051040403097899
2019-01-23,0.0048022598870056665
2019-01-22,-0.009652328741448613
2019-01-18,0.01920893262679768
2019-01-17,-0.014761860551480765
2019-01-16,-0.0069732378439503195
2019-01-15,-0.0035111026760294983
2019-01-14,-0.028187791638891624
2019-01-11,0.007349338559529572
2019-01-10,0.0077821011673151474
2019-01-09,0.006467181467181504
2019-01-08,-0.014098014769348799
2019-01-07,-0.007198443579766511
2019-01-04,-0.0012737605330197521
2019-01-03,-0.044442264299028755
2019-01-02,0.038193018480492835
2018-12-31,0.004450158227848
2018-12-28,-0.011617603623117034
2018-12-27,0.007869309692200455
2018-12-26,-0.006127693220003949
2018-12-24,-0.06394192521877495
2018-12-21,0.04355678317220879
2018-12-20,0.03339102107299197
2018-12-19,0.021475716678159618
2018-12-18,0.002700356832867179
2018-12-17,-0.010387611811099373
2018-12-14,0.030518028962970067
2018-12-13,0.032255022163538705
2018-12-12,-0.003380539058931098
2018-12-11,-0.004492115878254488
2018-12-10,-0.009208951100469709
2018-12-07,-0.02574588716423465
2018-12-06,0.04169051707689375
2018-12-04,-0.0061360930488140175
2018-12-03,0.03289716181349056
2018-11-30,-0.010705682933357163
2018-11-29,-0.00631256199837682
2018-11-28,0.00843996732915886
2018-11-27,-0.03581713462922964
2018-11-26,-0.0062535000933358065
2018-11-23,-0.0319338780877243
2018-11-21,0.0003880857669544824
2018-11-20,-0.01357773251866945
2018-11-19,0.028610756071182797
2018-11-16,0.03507933473523228
2018-11-15,-0.009326807646135471
2018-11-14,-0.021532438478747196
2018-11-13,0.018767266838144225
2018-11-12,-0.0006545726575649669
2018-11-09,0.025264339852156814
2018-11-08,0.019895956922515445
2018-11-07,0.0018791946308724938
2018-11-06,-0.03787066809574846
2018-11-05,-0.001949498700334118
2018-11-02,-0.01255697144451684
2018-11-01,-0.0022607385079125297
2018-10-31,0.008402567975830832
2018-10-30,-0.02883625128733258
2018-10-29,0.0011568495131590861
2018-10-26,0.029947038998555664
2018-10-25,0.012528047868362036
2018-10-24,-0.055216989843028697
2018-10-23,0.05648944487881158
2018-10-22,0.014153561517113777
2018-10-19,-0.008847943081273346
2018-10-18,-0.001472482974415601
2018-10-17,0.020368663594469982
2018-10-16,0.0026194562370156493
2018-10-15,-0.03063063063063065
2018-10-12,0.018308550185873518
2018-10-11,-0.03340330382403944
2018-10-10,0.00236049475970157
2018-10-09,0.05746043707611159
2018-10-08,-0.012560128273650495
2018-10-05,0.011547135769057304
2018-10-04,0.005886025149380192
2018-10-03,0.02110116145048324
2018-10-02,-0.00017365633411470238
2018-10-01,0.0039947894051237665
2018-09-28,-0.010725715768532096
2018-09-27,0.00034974206522675466
2018-09-26,-0.0037584127261602873
2018-09-25,0.00412353044393754
2018-09-24,0.0019222367846221111
2018-09-21,-0.0035754774570506687
2018-09-20,-0.006038858743217301
2018-09-19,-0.016465615919696974
2018-09-18,0.013518352730528038
2018-09-17,-0.009451461884992463
2018-09-14,0.010968432316746934
2018-09-13,-0.004057510805327791
2018-09-12,-0.010627933752546337
2018-09-11,-0.004207322531554869
2018-09-10,-0.016720604099244918
2018-09-07,-0.010696653867251826
2018-09-06,0.004897883744570786
2018-09-05,-0.002299061982711015
2018-09-04,0.02968015485298192
2018-08-31,0.005550085041625685
2018-08-30,-0.0033828896999910096
2018-08-29,0.0006252791424743442
2018-08-28,-0.015711480092840513
2018-08-27,-0.005985851623435567
2018-08-24,-0.010948905109488982
2018-08-23,-0.007749077490774914
2018-08-22,-0.00464856824098181
2018-08-21,-0.010087801232953497
2018-08-20,0.008397810907718517
2018-08-17,0.006643585664826368
2018-08-16,0.000557724484104849
2018-08-15,0.00018580453363048477
2018-08-14,0.01764815158833377
2018-08-13,-0.01232201533406363
2018-08-10,0.007300619166435762
2018-08-09,0.006146788990825769
2018-08-08,-0.0016412874988602777
2018-08-07,-0.005571285048862951
2018-08-06,-0.006888317413666467
2018-08-03,-0.0008323314528806414
2018-08-02,-0.004350240651610604
2018-08-01,-0.0119921911313563
2018-07-31,-0.0018818216033120727
2018-07-30,-0.00669306184012064
2018-07-27,0.021922748410363457
2018-07-26,0.018016344725111377
2018-07-25,0.011038131727786782
2018-07-24,-0.02860236398087157
2018-07-23,0.0028794352591492434
2018-07-20,-0.015745114383625136
2018-07-19,-0.01759668768231848
2018-07-18,0.006896551724137945
2018-07-17,0.007895738203957281
2018-07-16,-0.009815950920245453
2018-07-13,0.004956629491945641
2018-07-12,-0.011761358247178277
2018-07-11,-0.021211248680295558
2018-07-10,0.0013728181996470745
2018-07-09,-0.002643948296122356
2018-07-06,-0.006774668630338709
2018-07-05,-0.013839462238038669
2018-07-03,-0.007117080994386571
2018-07-02,0.009692074709742649
2018-06-29,-0.013998600139986106
2018-06-28,0.00020281918669495802
2018-06-27,-0.01105140423806128
2018-06-26,0.015788394504818504
2018-06-25,-0.006964069438837317
2018-06-22,0.020530541721719642
2018-06-21,0.007270192211931148
2018-06-20,0.007217718014633112
2018-06-19,-0.0099145970354374
2018-06-18,0.0
2018-06-15,-0.0072377553043823095
2018-06-14,0.012883251772695559
2018-06-13,-0.0056201932557681245
2018-06-12,0.0045612295488350885
2018-06-11,-0.0025663804165433346
2018-06-08,0.005739732805541742
2018-06-07,-0.007379710715339938
2018-06-06,0.01595955590800946
2018-06-05,-0.002927114840472256
2018-06-04,-0.005088560524513119
2018-06-01,-0.008655453919543588
2018-05-31,-0.01934715745609683
2018-05-30,0.0011129097531363819
2018-05-29,-0.009499747347144982
2018-05-25,0.0035710641771247165
2018-05-24,-0.0005083367222448176
2018-05-23,0.003560166819245092
2018-05-22,-0.011757551185890946
2018-05-21,0.0010256410256410664
2018-05-18,-0.012704918032786838
2018-05-17,-0.0018679950186798466
2018-05-16,0.010085256810147714
2018-05-15,0.0017498713329899829
2018-05-14,0.007295519934237715
2018-05-11,-0.0033663164337447427
2018-05-10,0.002149437052200609
2018-05-09,-0.00990705750178733
2018-05-08,-0.011656694862801631
2018-05-07,0.00427930278676536
2018-05-04,-0.011016420702556706
2018-05-03,-0.011454392601933594
2018-05-02,-0.0059530137131921235
2018-05-01,0.01593412469254618
2018-04-30,-0.015578947368421137
2018-04-27,0.024593669803250506
2018-04-26,-0.016280525986224093
2018-04-25,-0.02068746021642265
2018-04-24,0.008774780630484313
2018-04-23,0.023947594501718017
2018-04-20,-0.0036706869428421163
2018-04-19,0.011684210526315741
2018-04-18,0.003433565705961872
2018-04-17,-0.0038365823309830516
2018-04-16,-0.0197772457583012
2018-04-13,-0.01157481151109696
2018-04-12,0.005371723248818183
2018-04-11,-0.018379995725582354
2018-04-10,0.011103853690398457
2018-04-09,-0.022717484926787268
2018-04-06,-0.005949102126253103
2018-04-05,0.02382799512357292
2018-04-04,-0.0005412426932236425
2018-04-03,-0.028376475685042868
2018-04-02,-0.013264964886857578
2018-03-29,0.031066425666516073
2018-03-28,-0.020598225046565055
2018-03-27,0.0008949546929186702
2018-03-26,0.048172571811780474
2018-03-23,-0.07037747920665383
2018-03-22,0.029938059187887056
2018-03-21,0.02995879273861224
2018-03-20,0.007028546712802619
2018-03-19,-0.0025770428433372627
2018-03-16,0.018408870707288028
2018-03-15,-0.004439746300211267
2018-03-14,-0.003503928647271337
2018-03-13,0.005966968566861963
2018-03-12,0.024997351975426296
2018-03-09,-0.0023767696600185406
2018-03-08,-0.02185622539879839
2018-03-07,-0.006036217303822977
2018-03-06,-0.005753249520562553
2018-03-05,0.0034290612944707366
2018-03-02,-0.006300726185390904
2018-03-01,-0.0021493820526599094
2018-02-28,0.009908454496499797
2018-02-27,0.00458568838647766
2018-02-26,0.012951167728237678
2018-02-23,-0.01425277719555651
2018-02-22,-0.02477142249627895
2018-02-21,-0.0026163741415022868
2018-02-20,0.013444092250519235
2018-02-16,-0.007765314926660882
2018-02-15,0.007173913043478253
2018-02-14,-0.01996546514137698
2018-02-13,-0.010791763021693712
2018-02-12,-0.007792496938661908
2018-02-09,-0.010658588578480788
2018-02-08,-0.03594919482875936
2018-02-07,0.05411128102576157
2018-02-06,0.019194286351969625
2018-02-05,-0.036461184714770556
2018-02-02,0.04295454545454547
2018-02-01,0.027021137502724057
2018-01-31,0.007956715467854814
2018-01-30,-0.02389222187138207
2018-01-29,0.012723743799870624
2018-01-26,0.001490630323679687
2018-01-25,-0.0183925154156922
2018-01-24,-0.005523665114264054
2018-01-23,0.0008712698758441828
2018-01-22,-0.0031556039173015193
2018-01-19,-0.017574500600371135
2018-01-18,0.0011111111111110628
2018-01-17,0.0004439511653717698
2018-01-16,-0.01985799866873761
2018-01-12,0.014148273910582931
2018-01-11,-0.016964285714285654
2018-01-10,-0.0029518619436875726
2018-01-09,0.004554771122751156
2018-01-08,0.0006801178871005398
2018-01-05,-0.0010194834617127668
2018-01-04,-0.012246286427032516
2018-01-03,-0.008724601079095451
2018-01-02,-0.00463231036479439
2017-12-29,-0.0047702152414194066
2017-12-28,0.0021042787000233876
2017-12-27,-0.00011665888940748381
2017-12-26,-0.0036168475090420094
2017-12-22,0.0012880562060890721
2017-12-21,-0.00011694538650453001
2017-12-20,0.0002339181286550307
2017-12-19,0.0036248830682881206
2017-12-18,0.006408015845275505
2017-12-15,0.005441074322759976
2017-12-14,-0.024870466321243456
2017-12-13,0.007793127878143791
2017-12-12,0.0026947861745754143
2017-12-11,-0.004089740593596569
2017-12-08,-0.012554264930188963
2017-12-07,-0.019843155893536135
2017-12-06,0.0035155776457753696
2017-12-05,-0.014375453007972938
2017-12-04,-0.006250766025248211
2017-12-01,0.03922052294030598
2017-11-30,-0.00106812247804422
2017-11-29,-0.009860995604134448
2017-11-28,0.018478521718262364
2017-11-27,-0.011899151743637981
2017-11-24,-0.007273160844163629
2017-11-22,-0.0018015853951478533
2017-11-21,0.00733967031644811
2017-11-20,-0.01421404682274241
2017-11-17,-0.0015751847812915942
2017-11-16,0.009708737864077666
2017-11-15,-0.0026442307692307043
2017-11-14,0.01289467341528061
2017-11-13,-0.0014277215942889443
2017-11-10,-0.0007148814488264765
2017-11-09,0.0026231071896982705
2017-11-08,0.005589249613509262
2017-11-07,-0.003429517502365309
2017-11-06,0.0023733238400380774
2017-11-03,-0.00390671244228713
2017-11-02,-0.001069645828381316
2017-11-01,-0.010350981558595929
2017-10-31,0.0
2017-10-30,0.008535705698485163
2017-10-27,-0.0009536297532483085
2017-10-26,-0.06025533945829853
2017-10-25,-0.0016505840528188154
2017-10-24,0.0029250922039933958
2017-10-23,-0.0003804209992391838
2017-10-20,-0.0002537105163008535
2017-10-19,-0.011419870574800206
2017-10-18,-0.0038505968425105452
2017-10-17,-0.0002576987501610173
2017-10-16,0.0007732955277741649
2017-10-13,-0.0020605280103027646
2017-10-12,-0.004774809652858258
2017-10-11,-0.009076763485477257
2017-10-10,-0.0017011253598533393
2017-10-09,0.0
2017-10-06,-0.0038012845720278854
2017-10-05,-0.00039473684210522553
2017-10-04,-0.016848756087929462
2017-10-03,-0.005757129468469624
2017-10-02,0.004713169943441953
2017-09-29,-0.001608363490148812
2017-09-28,-0.008323264867767355
2017-09-27,-0.00027074590496833917
2017-09-26,-0.007989167230873284
2017-09-25,0.0
2017-09-22,0.01569751569751565
2017-09-21,-0.0026878107781213023
2017-09-20,0.009836949198221312
2017-09-19,0.006672004270082743
2017-09-18,-0.003711558854718966
2017-09-15,0.001995742416178947
2017-09-14,-0.0071703625016599215
2017-09-13,0.005884713120235308
2017-09-12,-0.007046935247972175
2017-09-11,0.0010712372790573355
2017-09-08,-0.010433386837881198
2017-09-07,0.0048661800486617945
2017-09-06,-0.012644605864944869
2017-09-05,0.0028610354223432832
2017-09-01,0.004483086537155234
2017-08-31,0.011225317825263703
2017-08-30,-0.010164504480406511
2017-08-29,-0.012971220105391312
2017-08-28,-0.003011635865845297
2017-08-25,-0.00013730605519712835
2017-08-24,-0.001785223839604444
2017-08-23,0.0004127115146512761
2017-08-22,0.006050605060506031
2017-08-21,-0.013805358119190703
2017-08-18,0.004712404712404528
2017-08-17,-0.0012415505586975684
2017-08-16,0.017265193370165743
2017-08-15,-0.00583842498302789
2017-08-14,0.005053264135482127
2017-08-11,-0.014811795080853396
2017-08-10,-0.015034482758620737
2017-08-09,0.014843859403445014
2017-08-08,0.004415620256658093
2017-08-07,-0.005357878829509555
2017-08-04,0.003867403314917084
2017-08-03,-0.007292239955971391
2017-08-02,0.0015246015246015432
2017-08-01,0.00442845280929971
2017-07-31,0.0016533480297602487
2017-07-28,0.00467675378266863
2017-07-27,0.0016429353778750766
2017-07-26,0.012165117550574145
2017-07-25,0.0018906144496961819
2017-07-24,-0.007952554252594779
2017-07-21,0.00258152173913051
2017-07-20,0.005827347879116207
2017-07-19,-0.004850444624090566
2017-07-18,-0.007581911724884982
2017-07-17,0.0006821282401090478
2017-07-14,-0.007770961145194155
2017-07-13,-0.013877438856828905
2017-07-12,-0.008638706980632405
2017-07-11,-0.016303583977512415
2017-07-10,-0.00014287755393616042
2017-07-07,-0.007430694484138467
2017-07-06,-0.012813129858911587
2017-07-05,0.00743765495114479
2017-07-03,-0.013173132599884174
2017-06-30,0.011148599090509137
2017-06-29,-0.006383287393007531
2017-06-28,0.019126879836472543
2017-06-27,-0.008452722063037266
2017-06-26,0.019072388383181815
2017-06-23,0.009641287395434572
2017-06-22,-0.013340822918129325
2017-06-21,0.00014232849416440096
2017-06-20,-0.00512309662729471
2017-06-19,0.013731941067086417
2017-06-16,-0.012275998306758962
2017-06-15,-0.0014285714285713347
2017-06-14,0.005293276108726541
2017-06-13,0.005407713106589052
2017-06-12,-0.012314225053078665
2017-06-09,0.007738607050730817
2017-06-08,0.023179749715586118
2017-06-07,0.006115357887421791
2017-06-06,0.0017958281530596754
2017-06-05,-0.003309431880860414
2017-06-02,-0.007194244604316502
2017-06-01,-0.02313266443701245
2017-05-31,-0.003708987161198163
2017-05-30,0.00816151202749138
2017-05-26,-0.0063911376224968786
2017-05-25,-0.004859919954259384
2017-05-24,-0.012209135305946694
2017-05-23,-0.001308710193398177
2017-05-22,-0.003348864298194587
2017-05-19,-0.011102994886778794
2017-05-18,0.00029546461811191804
2017-05-17,-0.0033968394624130926
2017-05-16,0.02860106698280962
2017-05-15,-0.01411900302550051
2017-05-12,-0.0007306736811342196
2017-05-11,0.0011699327288681172
2017-05-10,0.012416009348524826
2017-05-09,-0.003895541768864419
2017-05-08,-0.0014484356894555184
2017-05-05,0.0008703220191470518
2017-05-04,-0.002753623188405774
2017-05-03,0.003923848277866515
2017-05-02,0.0031847133757960666
2017-05-01,0.0015873015873015817
2017-04-28,-0.01368678864716899
2017-04-27,-0.0027753432661408173
2017-04-26,-0.006444997802841579
2017-04-25,0.0013268465280849018
2017-04-24,-0.005742049469964705
2017-04-21,-0.016733303716866543
2017-04-20,-0.013554216867469937
2017-04-19,-0.007022900763358653
2017-04-18,0.005381303813038141
2017-04-17,0.0013763572411684688
2017-04-13,-0.00809407452657307
2017-04-12,0.004311008468052435
2017-04-11,0.003832592365476062
2017-04-10,0.0007635919364690213
2017-04-07,0.0022890279261407187
2017-04-06,0.000761266747868472
2017-04-05,-0.002586338049596848
2017-04-04,0.002593044539353384
2017-04-03,-0.002738475581926192
2017-03-31,0.004729214340198462
2017-03-30,-0.002277558457333795
2017-03-29,-0.003652412113833381
2017-03-28,-0.0027493508477164363
2017-03-27,-0.0029100934293155856
2017-03-24,-0.0018433179723500448
2017-03-23,-0.0016928285626346407
2017-03-22,0.0024664714043471925
2017-03-21,-0.01260956481623876
2017-03-20,0.011213206665628528
2017-03-17,-0.000924072077622129
2017-03-16,-0.003545552643749117
2017-03-15,0.0017017326732673421
2017-03-14,-0.005250965250965356
2017-03-13,0.004657661853749273
2017-03-10,0.0033997836501316048
2017-03-09,-0.003080240258740208
2017-03-08,0.004016684690251626
2017-03-07,-0.00907831974149853
2017-03-06,-0.002018633540372794
2017-03-03,-0.0003111871790881793
2017-03-02,-0.003735408560311182
2017-03-01,0.014528979846898826
2017-02-28,-0.014782876501385878
2017-02-27,0.003907471084714009
2017-02-24,0.006071929005137866
2017-02-23,0.0
2017-02-22,-0.004023522129371737
2017-02-21,0.0020198881292727844
2017-02-17,0.0020158164056445216
2017-02-16,-0.0015475085112969245
2017-02-15,0.000154990700558022
2017-02-14,0.0006198667286532178
2017-02-13,0.0023230602446957516
2017-02-10,-0.011124845488257096
2017-02-09,0.0009375000000000355
2017-02-08,-0.011239463003434258
2017-02-07,0.001420903062835377
2017-02-06,0.0033107362446791466
2017-02-03,0.0006285355122563896
2017-02-02,-0.008008793969849215
2017-02-01,0.00649042266898836
2017-01-31,0.016829191569676105
2017-01-30,0.007424593967517268
2017-01-27,0.009980039920159722
2017-01-26,-0.02295530556400127
2017-01-25,-0.00918002178310251
2017-01-24,-0.002512562814070307
2017-01-23,-0.008816120906801062
2017-01-20,-0.0034942820838627098
2017-01-19,-0.00701306981192229
2017-01-18,0.0032102728731941976
2017-01-17,0.00048000000000003595
2017-01-13,0.00271869502638733
2017-01-12,-0.0014354066985646785
2017-01-11,0.009263695895224355
2017-01-10,-0.009020414622566864
2017-01-09,0.0003193867773874093
2017-01-06,0.0031928480204341803
2017-01-05,-0.008593252705283327
2017-01-04,0.0
2017-01-03,0.004494382022471877
2016-12-30,-0.007031000319590919
2016-12-29,0.01223044737689083
2016-12-28,0.0014308426073132985
2016-12-27,0.00460390538180655
2016-12-23,-0.0006321112515802474
2016-12-22,0.004901960784313708
2016-12-21,-0.00015735641227376806
2016-12-20,0.0
2016-12-19,0.0012590494176896172
2016-12-16,-0.0207481923923295
2016-12-15,0.004494382022471877
2016-12-14,0.0015979546180888704
2016-12-13,0.004786215698787455
2016-12-12,-0.012861225785963715
2016-12-09,-0.0032169856844137534
2016-12-08,-0.015491366790382433
2016-12-07,0.005900672020980213
2016-12-06,-0.023138341209059665
2016-12-05,0.004503753127606203
2016-12-02,-0.016107605446695428
2016-12-01,-0.0008438818565400519
2016-11-30,0.017905405405405306
2016-11-29,0.013773647527381527
2016-11-28,-0.007857259780651549
2016-11-25,-0.0013199142055766444
2016-11-23,-0.0021476953576738955
2016-11-22,0.01192052980132452
2016-11-21,-0.004253926701570654
2016-11-18,-0.008379888268156388
2016-11-17,0.00480530240265109
2016-11-16,-0.01632585751978899
2016-11-15,-0.013076278290025112
2016-11-14,-0.012739935450993722
2016-11-11,0.015485203028217542
2016-11-10,-0.005421890884446001
2016-11-09,0.02504258943781945
2016-11-08,0.004985873358816617
2016-11-07,-0.0008268562923763323
2016-11-04,-0.028301886792452824
2016-11-03,0.008516436722875165
2016-11-02,0.003715588583009577
2016-11-01,0.006225811879521981
2016-10-31,0.0020066889632108786
2016-10-28,-0.0008344459279039373
2016-10-27,0.003841656923333936
2016-10-26,0.008818635607321212
2016-10-25,0.005937654626422484
2016-10-24,0.00016396130513185447
2016-10-21,-0.021967213114754136
2016-10-20,-0.040395574924572575
2016-10-19,0.0048908296943230845
2016-10-18,0.002259690596210673
2016-10-17,-0.007630939993062746
2016-10-14,0.003495281370150316
2016-10-13,-0.008707767328457017
2016-10-12,0.003338018271257903
2016-10-11,0.0014008054631413636
2016-10-10,0.01486273824095119
2016-10-07,-0.004135079255685792
2016-10-06,-0.001038062283736929
2016-10-05,-0.001731901627987531
2016-10-04,-0.006939625260235949
2016-10-03,0.0031446540880502027
2016-09-30,0.0031347962382444194
2016-09-29,-0.003472222222222321
2016-09-28,0.01097560975609757
2016-09-27,-0.0013785972772702992
2016-09-26,-0.018119068162208873
2016-09-23,0.009314586994727536
2016-09-22,0.006790875848859512
2016-09-21,-0.0010377032168800149
2016-09-20,-0.016447368421052544
2016-09-19,0.0021123041718007496
2016-09-16,0.0056209379940277415
2016-09-15,-0.001048034934497899
2016-09-14,-0.01626158419304069
2016-09-13,0.0047991468183434804
2016-09-12,0.009198655581107218
2016-09-09,-0.014723926380368013
2016-09-08,0.021704323074186016
2016-09-07,0.004004875500609462
2016-09-06,-0.000867152271938898
2016-09-02,0.0010414858531504478
2016-09-01,-0.0013872030518466971
2016-08-31,-0.0022573363431152016
2016-08-30,0.007483466759484747
2016-08-29,0.0036275695284160303
2016-08-26,-0.001204819277108471
2016-08-25,0.0024125452352232735
2016-08-24,-0.0037820182224513887
2016-08-23,-0.0010353753235547991
2016-08-22,-0.003800310934531037
2016-08-19,-0.0008670019074042967
2016-08-18,-0.00034710170079821356
2016-08-17,-0.000694444444444442
2016-08-16,-0.0020847810979848225
2016-08-15,0.011838440111420656
2016-08-12,-0.0030970406056435307
2016-08-11,0.006213324128408582
2016-08-10,-0.004802744425385863
2016-08-09,0.0031023784901758056
2016-08-08,-0.002405498281786933
2016-08-05,-0.0017223561832587775
2016-08-04,-0.009834368530020732
2016-08-03,-0.00731834814427601
2016-08-02,-0.006845708267509187
2016-08-01,0.0
2016-07-29,0.0017674089784376346
2016-07-28,-0.008292166549047297
2016-07-27,-0.0003558085749867379
2016-07-26,0.010144153764015007
2016-07-25,-0.0005285412262157063
2016-07-22,-0.0028203772254538073
2016-07-21,-0.01361145483471815
2016-07-20,0.0019713261648746094
2016-07-19,-0.0504382042568412
2016-07-18,0.01638726690525516
2016-07-15,-0.004818383988139274
2016-07-14,0.0007448789571693482
2016-07-13,-0.004279866021585477
2016-07-12,-0.005606428704914901
2016-07-11,-0.011651945123097085
2016-07-08,-0.005514356341509874
2016-07-07,-0.01759082217973218
2016-07-06,0.0
2016-07-05,-0.004087193460490468
2016-07-01,-0.00019542700801256085
2016-06-30,0.0001954652071931573
2016-06-29,-0.012311901504788003
2016-06-28,-0.021764938662445665
2016-06-27,-0.02042880258899671
2016-06-24,0.02890770183770397
2016-06-23,0.041741922536624454
2016-06-22,-0.017722982084376726
2016-06-21,0.003922337713277102
2016-06-20,-0.021879273295565493
2016-06-17,0.0011983223487117556
2016-06-16,0.005186515060841668
2016-06-15,-0.013891645167692035
2016-06-14,0.0028174683034816184
2016-06-13,0.006221151916516288
2016-06-10,0.026725169525328996
2016-06-09,0.002719502719502831
2016-06-08,0.008136381247578539
2016-06-07,0.0011529592621060125
2016-06-06,0.000575815738963481
2016-06-03,-0.006522156148091374
2016-06-02,0.013323035335006672
2016-06-01,0.007050304878048808
2016-05-31,0.002838221381267658
2016-05-27,-0.012830188679245236
2016-05-26,-0.008218654434250738
2016-05-25,0.004432453266525194
2016-05-24,-0.010168841135840267
2016-05-23,-0.030238418298119796
2016-05-20,0.01179292424545264
2016-05-19,-0.005926511260371359
2016-05-18,0.00973767885532606
2016-05-17,-0.005904349537492748
2016-05-16,0.026133438922985475
2016-05-13,-0.01447038394752076
2016-05-12,0.008418167580266145
2016-05-11,-0.008930304795185418
2016-05-10,-0.000587659157688436
2016-05-09,-0.018620148961191796
2016-05-06,0.0063910525264629925
2016-05-05,-0.008930343322087753
2016-05-04,-0.0014016820184220569
2016-05-03,-0.0018046921997192378
2016-05-02,0.016673362796303604
2016-04-29,-0.014621616281367378
2016-04-28,0.0006015640665730793
2016-04-27,0.020841683366733532
2016-04-26,0.009815469179426772
2016-04-25,0.013024883359253447
2016-04-22,-0.0063327576280943765
2016-04-21,0.07724990343762062
2016-04-20,-0.0034062387952670248
2016-04-19,0.014391077531930252
2016-04-18,0.0012413548501506444
2016-04-15,-0.014346439957492074
2016-04-14,-0.005211141060197599
2016-04-13,-0.00018063583815020046
2016-04-12,-0.012646793134598044
2016-04-11,-0.006221408966148201
2016-04-08,0.0020254096851408665
2016-04-07,0.0007350238882763982
2016-04-06,0.012118986412045452
2016-04-05,-0.010159651669085501
2016-04-04,0.01594574780058644
2016-04-01,0.0025257081003067228
2016-03-31,-0.006118409213604514
2016-03-30,-0.0032590983161325804
2016-03-29,-0.006176203451407791
2016-03-28,-0.021385487113873225
2016-03-24,0.012514008218154737
2016-03-23,-0.004427227448810189
2016-03-22,0.0018528812303131303
2016-03-21,-0.0038838542629924255
2016-03-18,-0.006869662086891881
2016-03-17,0.02187324733595064
2016-03-16,-0.005671423344310145
2016-03-15,-0.013983440662373448
2016-03-14,-0.007837283075200596
2016-03-11,-0.0018807598269701131
2016-03-10,-0.019219898247597622
2016-03-09,0.015177713736791665
2016-03-08,-0.022520817562452833
2016-03-07,-0.01200387221684407
2016-03-04,0.019596315892612237
2016-03-03,0.006150297905054725
2016-03-02,0.011461318051575908
2016-03-01,-0.00698772426817762
2016-02-29,-0.0323316850513502
2016-02-26,0.008254716981132004
2016-02-25,0.015594541910331383
2016-02-24,-0.014203454894433865
2016-02-23,-0.003504672897196248
2016-02-22,0.028722157092614387
2016-02-19,-0.01576448243114903
2016-02-18,0.007140100347356126
2016-02-17,0.004406974516190987
2016-02-16,-0.02537199542159474
2016-02-12,-0.011548248189469645
2016-02-11,-0.016039603960396054
2016-02-10,0.0004024954719259455
2016-02-09,-0.008650170991752137
2016-02-08,0.0026379870129868976
2016-02-05,0.015179113539769196
2016-02-04,0.036682615629984205
2016-02-03,0.003076923076922977
2016-02-02,0.01610429447852768
2016-02-01,0.0322641509433963
2016-01-29,0.006945713763480299
2016-01-28,-0.05509166817934297
2016-01-27,-0.016040726155028384
2016-01-26,0.018547442405310477
2016-01-25,-0.007283879624305212
2016-01-22,0.009654373431164265
2016-01-21,-0.03461464907248046
2016-01-20,0.00614104595879561
2016-01-19,-0.004528450482378377
2016-01-15,0.008504746835443111
2016-01-14,0.04157677976073737
2016-01-13,-0.02767840331387683
2016-01-12,0.022075910147172806
2016-01-11,-0.009094353921940246
2016-01-08,0.0005736137667304853
2016-01-07,-0.0030575195872347694
2016-01-06,0.03603603603603589
2016-01-05,0.018501387604070274
2016-01-04,-0.004541326067211582
2015-12-31,0.012408759124087565
2015-12-30,0.014960346070656216
2015-12-29,0.0042621204049013706
2015-12-28,-0.010610079575596676
2015-12-24,-0.00500446827524581
2015-12-23,0.0026944494341656355
2015-12-22,-0.008419921175205958
2015-12-21,-0.009394760614272912
2015-12-18,-0.01276673354003277
2015-12-17,0.029004249030112783
2015-12-16,0.007719928186714631
2015-12-15,-0.01656867985034738
2015-12-14,-0.0010869565217391797
2015-12-11,-0.019586507072905324
2015-12-10,0.02238253792082867
2015-12-09,-0.005246969422833425
2015-12-08,0.014732630047289863
2015-12-07,0.00035848718408315605
2015-12-04,0.0017917935853788425
2015-12-03,-0.030584868538722887
2015-12-02,0.018634686346863383
2015-12-01,0.00018112660749869391
2015-11-30,-0.015755161173487853
2015-11-27,-0.007727690892364358
2015-11-25,-0.004450213239384437
2015-11-24,0.010430247718383301
2015-11-23,-0.0011059907834102267
2015-11-20,0.0
2015-11-19,-0.004613397305775924
2015-11-18,-0.0016685205784203738
2015-11-17,-0.016341689879294408
2015-11-16,0.015008495374740471
2015-11-13,-0.017204501069468914
2015-11-12,0.009084027252081794
2015-11-11,0.00618904726181535
2015-11-10,-0.002609506057781985
2015-11-09,0.012147262193982433
2015-11-06,0.014032496307238018
2015-11-05,-0.00983248361252731
2015-11-04,0.00036778227289446797
2015-11-03,-0.004595588235294157
2015-11-02,-0.016805170821791227
2015-10-30,-0.01126972201352372
2015-10-29,0.013677811550151908
2015-10-28,0.01161919040479753
2015-10-27,-0.005372360133382714
2015-10-26,0.010430247718383301
2015-10-23,-0.025437788018433216
2015-10-22,-0.09154529979194248
2015-10-21,-0.0172808661253383
2015-10-20,0.012076271186440612
2015-10-19,-0.0031400460540088604
2015-10-16,-0.002309953800924025
2015-10-15,-0.010524100189433838
2015-10-14,-0.00701978302488826
2015-10-13,0.004498714652956259
2015-10-12,0.002345915973555046
2015-10-09,0.002340425531914825
2015-10-08,0.007217151347909123
2015-10-07,-0.013698630136986467
2015-10-06,-0.0010683760683759536
2015-10-05,-0.002566844919786093
2015-10-02,-0.022732146686682442
2015-10-01,-0.02106649111257408
2015-09-30,-0.00784577449002466
2015-09-29,-0.018526886579304125
2015-09-28,-0.0034530386740331265
2015-09-25,0.01501501501501501
2015-09-24,-0.000682749203459343
2015-09-23,-0.0009109542245502311
2015-09-22,0.0006838386140870512
2015-09-21,0.004783599088838297
2015-09-18,-0.014282475629109115
2015-09-17,0.01770929162833501
2015-09-16,0.001129943502824693
2015-09-15,-0.007223476297968379
2015-09-14,-0.02137335152341968
2015-09-11,0.010223048327137496
2015-09-10,-0.004369825206991695
2015-09-09,-0.00508200508200507
2015-09-08,0.01903877408869281
2015-09-04,-0.029163818637502836
2015-09-03,0.020887115700539693
2015-09-02,-0.003218390804597737
2015-09-01,-0.035516605166051596
2015-08-31,0.04065040650406515
2015-08-28,0.00942095588235281
2015-08-27,-0.0006829046209879674
2015-08-26,-0.027107061503416796
2015-08-25,-0.05244673378599862
2015-08-24,0.029898690387941684
2015-08-21,0.033349328214971274
2015-08-20,0.06013466449965166
2015-08-19,0.02080595707402555
2015-08-18,0.014160051491096448
2015-08-17,0.0010577533319229282
2015-08-14,-0.006762468300929858
2015-08-13,-0.0057446808510639435
2015-08-12,0.00021399529210364143
2015-08-11,-0.007060333761232496
2015-08-10,0.01982331394096093
2015-08-07,-0.012465666596239044
2015-08-06,-0.0025673940949936247
2015-08-05,0.0205920205920207
2015-08-04,-0.0008406893652794789
2015-08-03,-0.0153554901135885
2015-07-31,-0.002349925229651717
2015-07-30,0.003854389721627438
2015-07-29,-0.012585324232082029
2015-07-28,-0.020522791099589432
2015-07-27,0.00022055580061741686
2015-07-24,0.013009922822491582
2015-07-23,0.0037004788855028448
2015-07-22,-0.01236174365647369
2015-07-21,0.0382081686429514
2015-07-20,-0.0076142131979695105
2015-07-17,-0.006393861892583175
2015-07-16,0.0008580008580008069
2015-07-15,-0.01928846978139731
2015-07-14,-0.0030594405594405183
2015-07-13,-0.0017536168347215275
2015-07-10,-0.020421607378129147
2015-07-09,-0.0020174848688634395
2015-07-08,-0.0062893081761006275
2015-07-07,0.0013562386980108254
2015-07-06,0.002031602708803648
2015-07-02,0.00022527596305477182
2015-07-01,0.001013513513513642
2015-06-30,-0.006637417032287152
2015-06-29,0.0049830124575311885
2015-06-26,0.02005859815190436
2015-06-25,0.008616880247459102
2015-06-24,-0.0003285870755750375
2015-06-23,0.006026076476388642
2015-06-22,0.006970159006752352
2015-06-19,-0.0028120268224095524
2015-06-18,0.013449023861171305
2015-06-17,-0.01605308219178081
2015-06-16,-0.003045464433326095
2015-06-15,-0.0077460178922103
2015-06-12,0.010885101704233069
2015-06-11,0.010224059169023247
2015-06-10,0.003660637381567744
2015-06-09,-0.020596438532503814
2015-06-08,0.0017524644030668668
2015-06-05,0.008965668051607256
2015-06-04,0.004768097095795287
2015-06-03,0.01056945642795526
2015-06-02,0.0014941302027748904
2015-06-01,0.006606990622335829
2015-05-29,-0.00783400381113697
2015-05-28,0.01259069568928739
2015-05-27,0.0033719704952581697
2015-05-26,-0.021424070573408893
2015-05-22,0.006653788366602242
2015-05-21,0.01108742004264407
2015-05-20,0.003374103753690294
2015-05-19,0.0
2015-05-18,0.009037410676755009
2015-05-15,0.005936263278483622
2015-05-14,0.008800082824308886
2015-05-13,-0.022475369458128003
2015-05-12,-0.005774278215223028
2015-05-11,0.0004223864836323532
2015-05-08,0.008021954823728139
2015-05-07,-0.021989528795811508
2015-05-06,-0.008993576017130689
2015-05-05,0.028522039757994833
2015-05-04,0.013445378151260456
2015-05-01,0.008602819237147674
2015-04-30,-0.00030829308395852184
2015-04-29,0.008634868421052655
2015-04-28,0.0019364044027720961
2015-04-27,-0.022886786695147987
2015-04-24,-0.0033312513012700995
2015-04-23,-0.0946312930854396
2015-04-22,-0.008191047531149187
2015-04-21,-0.008142375247179312
2015-04-20,0.0063328251436614025
2015-04-17,-0.030066425824495924
2015-04-16,0.013096239336777504
2015-04-15,0.0022533206831121255
2015-04-14,-0.014317832209206127
2015-04-13,0.002641056422568955
2015-04-10,-0.0009578544061302763
2015-04-09,-0.0057526366251199335
2015-04-08,-0.0014464802314366754
2015-04-07,0.002655721873491057
2015-04-06,0.0003611846857694001
2015-04-02,-0.030208207967264422
2015-04-01,0.010672623479771604
2015-03-31,-0.0015962671905697112
2015-03-30,0.007502152256795069
2015-03-27,0.000244140625
2015-03-26,0.005857944837686091
2015-03-25,0.0060664887163310866
2015-03-24,0.0347322720694645
2015-03-23,-0.0010489510489510856
2015-03-20,0.0005833625014586286
2015-03-19,-0.013875932835821003
2015-03-18,0.005084545347049829
2015-03-17,-0.01894117647058824
2015-03-16,-0.003237798297157868
2015-03-13,-0.0043310875842156316
2015-03-12,-0.008699855002416657
2015-03-11,0.023403217942467025
2015-03-10,0.0011910433539781273
2015-03-09,0.019509873899595576
2015-03-06,-0.011435239206534442
2015-03-05,0.01770538243626052
2015-03-04,-0.001275806077476238
2015-03-03,0.0052258738822437145
2015-03-02,0.013863216266173817
2015-02-27,-0.0006836827711942384
2015-02-26,0.004675028506271328
2015-02-25,-0.0014754284417205499
2015-02-24,0.002273243919072465
2015-02-23,0.0013608528010886634
2015-02-20,-0.0066817667044167806
2015-02-19,-0.008094858054953802
2015-02-18,0.0006896551724138167
2015-02-17,0.0011486331265793126
2015-02-13,0.006654428636989396
2015-02-12,-0.017779803966263774
2015-02-11,-0.016477140867950824
2015-02-10,0.0051911278905143465
2015-02-09,-0.005633802816901401
2015-02-06,0.0011803588290839606
2015-02-05,0.0009431737797691575
2015-02-04,-0.014369846878680814
2015-02-03,-0.005736137667304075
2015-02-02,-0.007692307692307665
2015-01-30,-0.02131782945736438
2015-01-29,0.039851485148514776
2015-01-28,-0.019519162104260857
2015-01-27,0.035688273852876984
2015-01-26,0.10196905766526032
2015-01-23,0.0036162518613060968
2015-01-22,-0.001059771089444661
2015-01-21,-0.025673668576278397
2015-01-20,0.010235191637630647
2015-01-16,-0.003233455486096104
2015-01-15,-0.016435986159169635
2015-01-14,0.010444151275285973
2015-01-13,0.008704167120008766
2015-01-12,0.005285298241829439
2015-01-09,0.012660944206008606
2015-01-08,0.008476372112735886
2015-01-07,-0.028577432233662714
2015-01-06,-0.012545965823058558
2015-01-05,0.014786418400876356
2015-01-02,0.009390178089584422
2014-12-31,-0.006629597946963162
2014-12-30,0.012271259418729752
2014-12-29,0.009145044661845958
2014-12-26,0.009062170706006345
2014-12-24,0.005430242272347563
2014-12-23,0.006439551308683011
2014-12-22,-0.009700722394220929
2014-12-19,-0.00666944560233429
2014-12-18,-0.002937473772555488
2014-12-17,-0.03745791245791252
2014-12-16,-0.01268036729339761
2014-12-15,0.033436669619132164
2014-12-12,0.0059995714591816185
2014-12-11,0.0046858359957400175
2014-12-10,-0.005723977104091671
2014-12-09,0.014712153518123827
2014-12-08,0.002206345870981341
2014-12-05,0.015200754796100169
2014-12-04,0.00867410161090465
2014-12-03,-0.015561015561015634
2014-12-02,0.007903494176372705
2014-12-01,0.0033016921172099867
2014-11-28,-0.016659810777457706
2014-11-26,-0.001254967580004207
2014-11-25,-0.005863874345549802
2014-11-24,0.00252791236570471
2014-11-21,0.008194998949359045
2014-11-20,0.015006252605252346
2014-11-19,-0.009856262833675689
2014-11-18,0.010783907092492884
2014-11-17,0.014772260976610552
2014-11-14,0.0024262029923169948
2014-11-13,0.0006050826946348842
2014-11-12,-0.016730497883491235
2014-11-11,0.0018450184501843658
2014-11-10,0.0004092490280336314
2014-11-07,-0.004295356923706306
2014-11-06,0.00041084634346755244
2014-11-05,-0.017248459958932316
2014-11-04,-0.006059339740910996
2014-11-03,-0.002732814799243255
2014-10-31,-0.010328836424957744
2014-10-30,-0.019169329073482566
2014-10-29,0.01237785016286641
2014-10-28,-0.0027885027885027336
2014-10-27,-0.012475801247580187
2014-10-24,0.00479198431714245
2014-10-23,-0.024062432256665933
2014-10-22,-0.01421590404264772
2014-10-21,0.01126633618747186
2014-10-20,-0.01782531194295911
2014-10-17,-0.010208711433756679
2014-10-16,-0.02039880815952333
2014-10-15,0.01123069723912029
2014-10-14,0.011800092549745456
2014-10-13,-0.0018294077292476674
2014-10-10,0.008705612829324139
2014-10-09,0.04133545310015907
2014-10-08,0.02028353326063259
2014-10-07,-0.026720820863616934
2014-10-06,0.012299582692730127
2014-10-03,0.0
2014-10-02,-0.007159904534606354
2014-10-01,0.0030594405594406293
2014-09-30,0.01002178649237484
2014-09-29,0.0017256255392579245
2014-09-26,-0.0006459948320414188
2014-09-25,-0.007972419737125591
2014-09-24,0.022589052997393555
2014-09-23,-0.011045029736618472
2014-09-22,0.010738831615120237
2014-09-19,0.009774755631109189
2014-09-18,-0.017676767676767735
2014-09-17,-0.003427592116538092
2014-09-16,0.005159071367153878
2014-09-15,-0.01112061591103497
2014-09-12,0.009839965397923756
2014-09-11,0.006531748581218633
2014-09-10,-0.0034042553191488967
2014-09-09,-0.001707941929974477
2014-09-08,-0.006201881950384958
2014-09-05,-0.01205078545298044
2014-09-04,-0.014158135482465695
2014-09-03,-0.0066283694211223265
2014-09-02,0.0028914590747330937
2014-08-29,0.007540474606342773
2014-08-28,-0.012106537530266248
2014-08-27,-0.00022281639928711794
2014-08-26,0.0030086917762426335
2014-08-25,0.0036662593045218017
2014-08-22,-0.000442771751162363
2014-08-21,0.0015503875968991832
2014-08-20,-0.005970809376382058
2014-08-19,0.008453837597330205
2014-08-18,-0.004853298036620268
2014-08-15,-0.007093770782531594
2014-08-14,-0.011609734315695341
2014-08-13,-0.0042918454935623185
2014-08-12,-0.01270417422867498
2014-08-11,-0.007352941176470562
2014-08-08,0.0
2014-08-07,0.000694444444444331
2014-08-06,-0.011334721258385305
2014-08-05,0.007955077211043493
2014-08-04,0.006731662024141105
2014-08-01,-0.011759280608715672
2014-07-31,0.006999533364442367
2014-07-30,0.009696478220574622
2014-07-29,0.007033284761981173
2014-07-28,0.0019368804830808273
2014-07-25,0.012053672958835637
2014-07-24,-0.0022471910112359383
2014-07-23,0.010585585585585644
2014-07-22,-0.0008914642299977515
2014-07-21,0.00011153245594464067
2014-07-18,-0.0032340805174529974
2014-07-17,-0.00358021928843133
2014-07-16,-0.010105546822366973
2014-07-15,-0.036978221415607915
2014-07-14,-0.007302709069493596
2014-07-11,-0.0011865211200758896
2014-07-10,-0.00962223806129725
2014-07-09,-0.0003598416696654061
2014-07-08,0.0026397888168945283
2014-07-07,0.005026328386787959
2014-07-03,-0.004524886877828149
2014-07-02,0.0023923444976077235
2014-07-01,-0.0007159904534606021
2014-06-30,-0.004060186290900325
2014-06-27,0.01318944844124692
2014-06-26,-0.01254437869822489
2014-06-25,0.007430488974113247
2014-06-24,-0.006780870806566863
2014-06-23,0.0058689663432747174
2014-06-20,-0.00738271016908798
2014-06-19,-0.004078694817658435
2014-06-18,0.003372681281618828
2014-06-17,0.0007202881152461593
2014-06-16,-0.004318618042226441
2014-06-13,-0.006506024096385565
2014-06-12,-0.015765219500363803
2014-06-11,0.00689995071463767
2014-06-10,0.006118453255017142
2014-06-09,0.0038919970810022964
2014-06-06,0.005088441967530777
2014-06-05,-0.006509161041465705
2014-06-04,-0.021596699830138344
2014-06-03,-0.0007440476190476719
2014-06-02,0.012410027302059978
2014-05-30,0.0036773719048786013
2014-05-29,-0.01465559355153867
2014-05-28,-0.008180466038671397
2014-05-27,0.004498875281179648
2014-05-23,-0.0017417267977108963
2014-05-22,-0.0004985044865403188
2014-05-21,0.006234413965087171
2014-05-20,-0.016604708798017342
2014-05-19,0.0017641129032257563
2014-05-16,0.0020125786163520676
2014-05-15,-0.005774541802661237
2014-05-14,0.016161616161616266
2014-05-13,0.004473161033797135
2014-05-12,-0.011133102424542352
2014-05-09,-0.010758068551413591
2014-05-08,0.0025290844714214167
2014-05-07,-0.005423814328960774
2014-05-06,-0.00925808497146463
